X,ScoreHack2D,RecoEff,CloneRate,GhostRate
0,0.922491724948,0.886427719477,0.0,0.0297409831139
1,0.948024622288,0.901893921636,0.0,0.0334723729659
2,0.950055170922,0.90217468758,0.0,0.0342246789932
3,0.956556888844,0.908953924477,0.0,0.0274454420966
4,0.961081824667,0.917629798336,0.0,0.0198850156981
5,0.969383911131,0.91873872952,0.0,0.0256289333602
