X,ScoreHack2D,RecoEff,CloneRate,GhostRate
0,0.886606152264,0.770209620264,7.14285714286e-05,0.107067392257
1,0.898114080442,0.800489068001,0.0001,0.0987329785282
2,0.881873301259,0.825971208461,0.00124485236985,0.102543398036
3,0.909833410186,0.84139141644,0.000733065953654,0.0822082792551
4,0.93536937038,0.860155420238,6.66666666667e-05,0.0646655595265
5,0.942978770269,0.871218247211,0.000225,0.0553794972915
